{"epoch":10,"_timestamp":1.7475758885921097e+09,"dev_accuracy":0.4733822854520422,"_wandb":{"runtime":100},"_runtime":100.544231527,"_step":19,"train_loss":0.6196877745919566}