{"_timestamp":1.7475782547453175e+09,"_runtime":217.521862948,"_step":19,"train_loss":0.41288641392753367,"dev_accuracy":0.5192748967416246,"_wandb":{"runtime":217},"epoch":10}