{"epoch":10,"_timestamp":1.7475744089192917e+09,"_runtime":159.014236152,"dev_accuracy":0.49173932996787517,"_wandb":{"runtime":159},"_step":19,"train_loss":0.5895401844067443}