{"train_loss":0.5819050106833191,"epoch":10,"_timestamp":1.7475760457404683e+09,"_runtime":145.609623542,"_step":19,"dev_accuracy":0.4846259752179899,"_wandb":{"runtime":145}}