{"_wandb":{"runtime":210},"epoch":10,"_timestamp":1.7475789325022848e+09,"_runtime":210.325934639,"_step":19,"train_loss":0.42727269130919326,"dev_accuracy":0.536484625975218}