{"dev_accuracy":0.5348783845800826,"_wandb":{"runtime":140},"train_loss":0.5303517331176487,"epoch":10,"_timestamp":1.7475772819147027e+09,"_runtime":140.639152259,"_step":19}