{"_timestamp":1.7475762660530365e+09,"_runtime":65.357984931,"dev_accuracy":0.4733822854520422,"_wandb":{"runtime":65},"_step":19,"train_loss":0.6205382793926123,"epoch":10}