{"dev_accuracy":0.5160624139513539,"_wandb":{"runtime":218},"train_loss":0.49759524461156895,"epoch":10,"_timestamp":1.7475776688072362e+09,"_runtime":218.418398799,"_step":19}