{"_runtime":93.014615549,"_step":12,"dev_accuracy":0.4733822854520422,"_wandb":{"runtime":100},"train_loss":0.6210159117682108,"epoch":7,"_timestamp":1.7475745139577792e+09}