{"_wandb":{"runtime":223},"train_loss":0.41983041387218467,"epoch":10,"_timestamp":1.7475764941053295e+09,"_runtime":223.414345908,"_step":19,"dev_accuracy":0.5162918770078018}