{"train_loss":0.6246856300513409,"epoch":10,"_timestamp":1.7475778587909877e+09,"_runtime":183.458180758,"dev_accuracy":0.4733822854520422,"_wandb":{"runtime":183},"_step":19}