{"_runtime":200.492370255,"_step":19,"train_loss":0.621368077660435,"dev_accuracy":0.4733822854520422,"_wandb":{"runtime":200},"epoch":10,"_timestamp":1.7475771331998906e+09}