{"_step":19,"dev_accuracy":0.544286369894447,"_wandb":{"runtime":144},"train_loss":0.5434393521328221,"epoch":10,"_timestamp":1.7475787115511754e+09,"_runtime":144.01450055}