{"_step":19,"train_loss":0.5288059224526892,"epoch":10,"dev_accuracy":0.5477283157411657,"_wandb":{"runtime":144},"_timestamp":1.7475761956208515e+09,"_runtime":144.571542498}