{"_runtime":210.100278645,"_step":19,"dev_accuracy":0.5275355667737495,"_wandb":{"runtime":210},"train_loss":0.41721403766989534,"epoch":10,"_timestamp":1.7475769237351863e+09}