{"train_loss":0.5437068316853685,"dev_accuracy":0.5325837540156035,"_wandb":{"runtime":140},"epoch":10,"_timestamp":1.7475784029155803e+09,"_runtime":140.153087369,"_step":19}