{"_wandb":{"runtime":224},"train_loss":0.45886155630848685,"epoch":10,"_timestamp":1.7475791760771585e+09,"_runtime":224.839407094,"_step":19,"dev_accuracy":0.4986232216613125}