{"_timestamp":1.7475793204868908e+09,"_runtime":138.576168115,"_step":19,"dev_accuracy":0.5362551629187701,"_wandb":{"runtime":138},"train_loss":0.5283198514912822,"epoch":10}