{"_step":19,"train_loss":0.3663713299977969,"epoch":10,"dev_accuracy":0.5096374483708123,"_wandb":{"runtime":205},"_timestamp":1.7475767058706057e+09,"_runtime":205.180937654}