{"train_loss":0.5247257364382792,"epoch":10,"_timestamp":1.7475774367676313e+09,"_runtime":146.084639282,"_step":19,"dev_accuracy":0.5454336851766866,"_wandb":{"runtime":146}}