{"train_loss":0.5622659358809204,"epoch":10,"_timestamp":1.7475785612829547e+09,"_runtime":144.672093228,"_step":19,"dev_accuracy":0.5236346948141349,"_wandb":{"runtime":144}}