{"_step":19,"train_loss":0.5881077038655232,"epoch":10,"dev_accuracy":0.4880679210647086,"_wandb":{"runtime":150},"_timestamp":1.7475780234156766e+09,"_runtime":150.838837075}